Response ID,IP Address,Timestamp (mm/dd/yyyy),Duplicate,Time Taken to Complete (Seconds),Seq. Number,Country Code,Region,1 - Q1,2 - p1,3 - p1q1,,,,,,,,,,,,,,,,,4 - p1q2,,,,,,,,,,,,,,,,,5 - p1q3,,,,,,,,,,,,,,,,,6 - p1q4,,,,,,,,,,,,,,,,,7 - p1q5,,,,,,,,,,,,,,,,,8 - p1q6,,,,,,,,,,,,,,,,,9 - p1q7,,,,,,,,,,,,,,,,,10 - p1q8,,,,,,,,,,,,,,,,,11 - p1q9,,,,,,,,,,,,,,,,,12 - p1q10,,,,,,,,,,,,,,,,,13 - p1q11,,,,,,,,,,,,,,,,,14 - p1q12,,,,,,,,,,,,,,,,,15 - Q51,16 - p2,17 - p2q1,17 - p2q1,17 - p2q1,17 - p2q1,17 - p2q1,17 - p2q1,17 - p2q1,18 - p2q2,18 - p2q2,18 - p2q2,18 - p2q2,18 - p2q2,18 - p2q2,18 - p2q2,19 - p2q3,19 - p2q3,19 - p2q3,19 - p2q3,19 - p2q3,19 - p2q3,19 - p2q3,20 - p2q4,20 - p2q4,20 - p2q4,20 - p2q4,20 - p2q4,20 - p2q4,20 - p2q4,21 - p2q5,21 - p2q5,21 - p2q5,21 - p2q5,21 - p2q5,21 - p2q5,21 - p2q5,22 - p2q6,22 - p2q6,22 - p2q6,22 - p2q6,22 - p2q6,22 - p2q6,22 - p2q6,23 - p2q7,23 - p2q7,23 - p2q7,23 - p2q7,23 - p2q7,23 - p2q7,23 - p2q7,24 - p2q8,24 - p2q8,24 - p2q8,24 - p2q8,24 - p2q8,24 - p2q8,24 - p2q8,25 - p2q9,25 - p2q9,25 - p2q9,25 - p2q9,25 - p2q9,25 - p2q9,25 - p2q9,26 - p2q10,26 - p2q10,26 - p2q10,26 - p2q10,26 - p2q10,26 - p2q10,26 - p2q10,27 - p2q11,27 - p2q11,27 - p2q11,27 - p2q11,27 - p2q11,27 - p2q11,27 - p2q11,28 - p212,28 - p212,28 - p212,28 - p212,28 - p212,28 - p212,28 - p212,29 - p2q13,29 - p2q13,29 - p2q13,29 - p2q13,29 - p2q13,29 - p2q13,29 - p2q13,30 - p2q14,30 - p2q14,30 - p2q14,30 - p2q14,30 - p2q14,30 - p2q14,30 - p2q14,31 - p2q15,31 - p2q15,31 - p2q15,31 - p2q15,31 - p2q15,31 - p2q15,31 - p2q15,32 - p2q16,32 - p2q16,32 - p2q16,32 - p2q16,32 - p2q16,32 - p2q16,32 - p2q16,33 - p2q17,33 - p2q17,33 - p2q17,33 - p2q17,33 - p2q17,33 - p2q17,33 - p2q17,34 - p3,35 - p3q1,,,,,,,,,,,36 - p3q2,,,,,,,,,,,37 - p3q3,,,,,,,,,,,38 - p3q4,,,,,,,,,,,39 - p3q5,,,,,,,,,,,40 - p3q6,,,,,,,,,,,41 - p3q7,,,,,,,,,,,42 - p3q8,,,,,,,,,,,43 - p3q9,,,,,,,,,,,44 - p3q10,,,,,,,,,,,45 - p3q11,,,,,,,,,,,46 - p3q12,,,,,,,,,,,47 - p3q13,,,,,,,,,,,48 - p3q14,,,,,,,,,,,49 - p3q15,,,,,,,,,,,50 - p3q16,,,,,,,,,,,51 - p3q17,,,,,,,,,,,52 - Q16,53 - Q17,54 - Q18,55 - Q19
,,,,,,,,,Figuras numurs,1,2,3,4,5,6,7,8,9,10,11,12,13,14,15,16,17,1,2,3,4,5,6,7,8,9,10,11,12,13,14,15,16,17,1,2,3,4,5,6,7,8,9,10,11,12,13,14,15,16,17,1,2,3,4,5,6,7,8,9,10,11,12,13,14,15,16,17,1,2,3,4,5,6,7,8,9,10,11,12,13,14,15,16,17,1,2,3,4,5,6,7,8,9,10,11,12,13,14,15,16,17,1,2,3,4,5,6,7,8,9,10,11,12,13,14,15,16,17,1,2,3,4,5,6,7,8,9,10,11,12,13,14,15,16,17,1,2,3,4,5,6,7,8,9,10,11,12,13,14,15,16,17,1,2,3,4,5,6,7,8,9,10,11,12,13,14,15,16,17,1,2,3,4,5,6,7,8,9,10,11,12,13,14,15,16,17,1,2,3,4,5,6,7,8,9,10,11,12,13,14,15,16,17,,,,,range,range,range,range,range,,,range,range,range,range,range,,,range,range,range,range,range,,,range,range,range,range,range,,,range,range,range,range,range,,,range,range,range,range,range,,,range,range,range,range,range,,,range,range,range,range,range,,,range,range,range,range,range,,,range,range,range,range,range,,,range,range,range,range,range,,,range,range,range,range,range,,,range,range,range,range,range,,,range,range,range,range,range,,,range,range,range,range,range,,,range,range,range,range,range,,,range,range,range,range,range,,K?rt?ga,Pat?kama,Simetriska,Or?in?la,Sare?g?ta,Iespaid?ga,Rado?a,Mulsino?a,Baud?ma,Nepat?kama,Cits,K?rt?ga,Pat?kama,Simetriska,Or?in?la,Sare?g?ta,Iespaid?ga,Rado?a,Mulsino?a,Baud?ma,Nepat?kama,Cits,K?rt?ga,Pat?kama,Simetriska,Or?in?la,Sare?g?ta,Iespaid?ga,Rado?a,Mulsino?a,Baud?ma,Nepat?kama,Cits,K?rt?ga,Pat?kama,Simetriska,Or?in?la,Sare?g?ta,Iespaid?ga,Rado?a,Mulsino?a,Baud?ma,Nepat?kama,Cits,K?rt?ga,Pat?kama,Simetriska,Or?in?la,Sare?g?ta,Iespaid?ga,Rado?a,Mulsino?a,Baud?ma,Nepat?kama,Cits,K?rt?ga,Pat?kama,Simetriska,Or?in?la,Sare?g?ta,Iespaid?ga,Rado?a,Mulsino?a,Baud?ma,Nepat?kama,Cits,K?rt?ga,Pat?kama,Simetriska,Or?in?la,Sare?g?ta,Iespaid?ga,Rado?a,Mulsino?a,Baud?ma,Nepat?kama,Cits,K?rt?ga,Pat?kama,Simetriska,Or?in?la,Sare?g?ta,Iespaid?ga,Rado?a,Mulsino?a,Baud?ma,Nepat?kama,Cits,K?rt?ga,Pat?kama,Simetriska,Or?in?la,Sare?g?ta,Iespaid?ga,Rado?a,Mulsino?a,Baud?ma,Nepat?kama,Cits,K?rt?ga,Pat?kama,Simetriska,Or?in?la,Sare?g?ta,Iespaid?ga,Rado?a,Mulsino?a,Baud?ma,Nepat?kama,Cits,K?rt?ga,Pat?kama,Simetriska,Or?in?la,Sare?g?ta,Iespaid?ga,Rado?a,Mulsino?a,Baud?ma,Nepat?kama,Cits,K?rt?ga,Pat?kama,Simetriska,Or?in?la,Sare?g?ta,Iespaid?ga,Rado?a,Mulsino?a,Baud?ma,Nepat?kama,Cits,K?rt?ga,Pat?kama,Simetriska,Or?in?la,Sare?g?ta,Iespaid?ga,Rado?a,Mulsino?a,Baud?ma,Nepat?kama,Cits,K?rt?ga,Pat?kama,Simetriska,Or?in?la,Sare?g?ta,Iespaid?ga,Rado?a,Mulsino?a,Baud?ma,Nepat?kama,Cits,K?rt?ga,Pat?kama,Simetriska,Or?in?la,Sare?g?ta,Iespaid?ga,Rado?a,Mulsino?a,Baud?ma,Nepat?kama,Cits,K?rt?ga,Pat?kama,Simetriska,Or?in?la,Sare?g?ta,Iespaid?ga,Rado?a,Mulsino?a,Baud?ma,Nepat?kama,Cits,K?rt?ga,Pat?kama,Simetriska,Or?in?la,Sare?g?ta,Iespaid?ga,Rado?a,Mulsino?a,Baud?ma,Nepat?kama,Cits,,,,
36319609,213.226.141.93,5/22/2019 04:18,0,4370,1,LV,25,,,,,,1,,1,,,,,,,,,,,,,,1,,1,,,,,,,,,,,,,,,1,,,,,,,,,,,1,,,,1,,,,,,,,,,,,,,,,,,,,,1,,,,,,,,,,,,,,,,,,1,,,,,,,,,,,,,,,,,,,1,,,,,,,,,,,,,,,,,1,,,,,,,,,,,,,,,,,,,1,,,,,,,,,,,,,,,,1,,,,,,,,,,,,,,,,,,1,,,,,,,,,,,,,,,,,,,1,,,,,,,0,50,10,30,10,80,10,50,92,77,2,90,85,91,76,,,,,,,,,,,,,,,10,23,16,76,22,14,43,,,,,,,,52,55,43,8,46,9,43,,,,,,,,10,20,50,30,20,10,33,60,90,70,90,50,70,50,,,,,,,,,,,,,,,,,,,,,,26,10,8,42,11,30,20,,,,,,,,50,70,0,90,50,50,50,,,,,,,,,,,,1,,,1,1,,,,,,,,,,,,,1,,,,,,,,1,,,,,,,,,,,,,,1,,,,,,,,,,1,,,,1,,,,,1,,,,,,,,1,,,1,,,,,1,,,,,,,,,,,,1,,,,1,,,1,,,1,,1,,1,,,,,,,,1,1,,,1,,,,,,1,,1,,,,,,,,,,1,1,,,1,,,,,,,,,,,1,,,,,,,,,,,,,1,,,,,,,,1,,,,,,,,,,,,,,,,1,,,2,2,11
36319851,212.3.194.238,5/22/2019 04:22,0,435,1,LV,25,,,,,,,,,,,,,,1,,,,,,,,1,,,,,,,,,,,,,,,,,,,,1,,,,,,,,,,1,,,,,1,,,,,,,,,,,,,,,,,,,,,,,,1,,,,,,,,,,,1,1,1,,,,,,,,,,,,,,,,,,,,,,,1,,,,1,,,,,,,,1,,,,,,,1,,,,,,,,,,,,1,,,,,,,,,,,,,,,,1,,,,,,,,,,,,,,,,1,,,,,,,,,,,,,,,,,,1,,,,,,1,,,,0,,,,,,,,,,,,,,,,,,,,,,,,,,,,,9,3,5,3,5,8,10,,,,,,,,100,100,15,100,100,49,100,,,,,,,,3,2,100,46,4,2,4,7,7,5,6,8,5,7,,,,,,,,,,,,,,,8,5,36,16,10,18,14,11,3,3,13,10,9,11,,,,,,,,100,100,17,71,59,63,100,13,100,22,45,76,13,100,,,,,,,,1,1,,,,,,1,,,,,,,,,,,,,,,,,,1,,1,,,1,,,,,,,,,1,,1,,,,,1,,,,,,,1,,,,,1,,,,,,,,1,,,,,1,,,,,,,,1,,,,,,,,,1,,1,,,,,1,,,,,,,,,1,,,,,,,,,,,,,,,,,,,1,,,,,1,1,,,,,,,,,,,,,1,,,1,,,,1,1,,,,,,,,,,,1,,,,,,,,,,,,,1,,,,,,,,2,2,7
36321075,95.68.50.209,5/22/2019 04:43,0,1456,1,LV,25,,,,,,,,,,,1,,,1,,,,,,,,,,,,,,,,,1,,,,,,,,1,,1,,1,,,,,,,,,,,,1,,,,,,,,,,,,,,,,,,1,,,,,,,,,,,,,,1,,,,,,1,,,1,,,,,,,,,,,,,,,,,,1,1,,,,,,,,,,,,,,1,,,,,,,,,1,,,,,,,,,,1,,,,,,,,,,,,,,,,1,1,,,,,1,,,,,,,,,,,,1,1,,,,,,,,,,,,,,,,,,,,,,1,,,0,,,,,,,,8,100,7,100,49,100,100,,,,,,,,10,12,10,15,6,14,7,8,7,100,100,9,100,100,,,,,,,,,,,,,,,7,100,98,100,5,100,9,9,6,100,6,7,8,6,,,,,,,,,,,,,,,,,,,,,,31,47,22,100,12,8,51,3,10,92,35,10,7,1,,,,,,,,100,96,90,100,9,12,91,100,100,6,100,100,6,100,,,,,,,,1,,,,,,,,,,,,,,,Parasta,,,,1,,,1,,,,,,1,,,,,1,,1,,,,,,,,,,,,1,,,1,,,,,,,,,,,1,,1,,,1,,,,,1,,,,,,,,,,,,1,,,,,1,,,,,,,1,,,,,1,,,,,,,,,,,,,,Parasta,1,,1,,,,,,,,,,,,,,,,,,,Parasta,1,,1,,,,,,,,,,,1,,,,1,,,,,,,,,,,,,,1,,,,,1,,,1,,1,,,,2,2,24
36321263,91.90.245.72,5/22/2019 04:46,0,2235,1,LV,25,,,,,,,,,,,1,,,,,,,,,,,,,,,,,,,,,,,,1,,,,1,,,,,,,,,,,,,,,,,,,,,,,1,,,,,,,,,,,,,,1,,,,,,,,,,,,,,,,,,,,,,,,,,,1,,,,,,,,,,,,1,,,,,,,,,,,,,,,,,,,,,1,,,,,,,,,,,,,,,,,1,,,,,,,,,,,,1,,,,,,,,,,,,,,,,,,,,,,1,,,,,,,,,,1,,,,,,,,,,,0,78,56,65,52,62,58,85,88,76,47,87,78,90,67,5,4,5,7,77,3,83,,,,,,,,2,3,7,67,5,5,3,1,3,1,90,1,89,1,54,74,31,57,83,81,90,,,,,,,,,,,,,,,,,,,,,,,,,,,,,,,,,,,,51,49,50,46,50,50,43,2,2,4,4,3,0,3,73,71,33,75,73,74,79,,,,,,,,,,,,,,,,,,,,,,,,,1,,,,,,,,,,,1,,,,,,,,,1,,,,,,,,,,,,,1,,,,,,,,,,1,,,,1,,,,,,,,,,,,,,,,,1,,,,,,,1,,,,,,,,,,,,,,1,,,,,,,1,,,,,,,,,,1,,,,,,,,,,1,,,,,,,,,,,,,1,,,,,,,,,,,1,,,,,,,,,,,1,,,,,,,,,,,,,,,,,1,,,,,,,1,,,,,,,,2,5,15
36321729,5.179.12.136,5/22/2019 04:54,0,1639,1,LV,,,,,,,,,1,,,,,,1,,,,,,,,1,,,,,,,,,,,1,,,,,,,1,,,,,,,,1,1,,,,,,,,,,,,,,,,,1,,,,,,,,,,1,,1,,,,,1,,,,,,,,,,1,,,,,1,,,,,1,,,,,,,,,,1,1,,,,,1,,,1,,,,,,,1,,,,,,,,,1,,,,,,,,,,1,,,,,,,,,1,,,1,,,,,1,,,,,,,,,,,,,,1,1,,,,,,,1,,,,,,,1,,,,,1,,,,,,,,,0,,,,,,,,,,,,,,,,,,,,,,0,0,11,30,0,40,21,47,0,85,51,50,49,0,,,,,,,,,,,,,,,,,,,,,,15,53,0,0,24,52,37,,,,,,,,,,,,,,,,,,,,,,50,64,50,91,60,39,51,0,50,0,30,0,0,0,,,,,,,,82,29,91,13,51,52,51,49,50,0,100,74,0,29,,,,,,1,,,1,,1,,,,,,,,,,,1,,,,,1,1,,1,,,,,,,,1,,,1,,1,,,,1,1,,,,,,1,,,1,,,,,,1,,,,Mier?ga,,,,,,1,1,,1,,,,,,,,,1,,,,,,1,,1,,,1,,,,,,,1,,,,,,,1,,,1,1,,,,,,,,,1,,1,,,1,,,,,,,,1,,,,,,,1,,,,1,,,1,,,1,,,,,1,,,,,1,,,,1,1,,,,,,,,,,,,,,1,,1,,,,,,2,2,8
36323264,212.3.196.246,5/22/2019 05:17,0,1163,1,LV,25,,,,,,,,,,,,,,,,1,,,1,,,,,,,,,,,,,1,,,,,,,1,,,,1,,,,,,,,,,,,,,,,,,,,,,1,,,,,,,,,,,1,,,,,,,,,,1,,1,,,,,,,,1,,,,,,,,,,,,,1,,,,,,,,,,,,,,,,,,,1,1,,,,,,,,,,,,,,,,,,1,1,,,,,,,,,,,,,,,,1,,,,,,,,,,,,,,,,,,,,,,,1,,,,,,,,,,,,,1,,,,,,,,0,,,,,,,,16,14,14,80,17,19,19,,,,,,,,,,,,,,,5,6,90,9,8,4,7,16,37,82,37,42,86,31,18,13,13,16,13,26,13,,,,,,,,,,,,,,,18,16,85,82,84,13,25,,,,,,,,,,,,,,,91,90,10,89,90,8,85,28,49,53,80,78,31,46,83,62,81,81,79,76,81,46,47,73,47,56,47,49,92,77,36,83,82,39,81,,,,,,1,,1,1,,,,,,1,1,,,1,,,,,,,,,,1,1,1,,,,,1,,,,1,1,,,,,,1,1,,,,1,,,,,,1,,,,1,,,,,,,,,1,,,1,1,,,,,,1,1,,1,,,,,,,1,,1,,,,,1,,,1,,1,1,,,,,,,,1,1,,,,,,,1,,,,1,,1,,,1,,,,,1,1,1,,,,,,,,,,,1,1,,1,,,,,,,,,,,,,1,,1,,,,1,,,,,1,1,,,,,,,1,1,,1,,,,,2,5,11
36324557,80.232.255.67,5/22/2019 05:35,0,604,1,LV,25,,,,,,,,,,,,,,1,,,1,,,,,,,,,,1,,,,,,,,,,,,1,,,1,1,,,,,,,,,,,,,,,,,,,1,,,,,,,,,,,,,,,,,,,,1,,,,,,,,,,,,,,1,,,,,,,,,,,,,1,,,,,,,,,,,,,,,,,,,,,,,,,,,,,1,,,,,,,,,,1,,,,,,,,,,,,,,,,,1,,,,,,,,,,,,,,,,,,1,,,,,,,,,,,,,,,,,1,,,,,,,,0,50,18,81,96,16,76,35,,,,,,,,74,100,14,2,87,55,12,,,,,,,,47,3,20,92,0,47,10,9,0,9,44,15,62,0,,,,,,,,77,24,76,83,49,8,47,,,,,,,,53,47,100,92,16,87,53,,,,,,,,,,,,,,,49,65,81,100,41,50,94,,,,,,,,,,,,,,,,,,,,,,23,76,10,0,32,22,87,,1,1,,,,,,,,,,,,,,,,,1,,1,,,,,1,,,,1,,,,,1,,,,,1,,,,,1,,1,,,,,,1,,,1,1,,,,,,,1,,,,,,1,,,1,1,,,,1,,,,,,,,,,,,,,,1,,1,,,,,1,,1,,,,,,,,,,,1,,,,,,,,,1,,1,,,,,,,,,1,,,,,,,,,,,,1,,,,1,,,,,,,1,,,,,,,1,,,1,,,,,,,,,,,,,,,,,1,,,,,,2,2,8
36357326,80.89.78.151,5/22/2019 13:39,0,774,1,LV,25,,,,,,,,1,,,,,,,,,,,,,,,,,,,,,,,,,1,,,,,,1,,,,,,,,1,,,,,,,,,,,,1,,,1,,,,,,,1,,,,,,,,,,,,,1,,1,,,,,,,,,1,,,,,,,,,,,,,,,,,,,,,,,1,,,,,,,,,,,,1,1,,,,,1,,,,,1,,,,,,,,,1,,,,,,,,1,,,,,,,,1,,,,,,,,,,,,,,,,,,,1,,,,,,,,,,,,,,,,,,,,,1,,,,0,80,50,50,97,100,0,90,91,70,49,100,90,75,100,50,50,0,13,30,25,50,0,0,50,0,0,0,0,,,,,,,,,,,,,,,,,,,,,,,,,,,,,0,0,80,20,17,0,0,,,,,,,,0,0,100,0,0,0,0,,,,,,,,64,90,31,76,91,50,55,,,,,,,,,,,,,,,,,,,,,,50,100,11,22,100,0,69,,,,,,,,,,,1,,,,,,,,,1,,1,,,,,,,,,1,,,,,,,,1,,,,,,,1,,1,,,,,,,,,,,,,,,1,,,,,,,,,,,,1,,,,,,,,,,1,,,,,,1,,1,1,,,,,,,1,,1,,,,,,1,,,1,1,,,,,1,,,,,1,,,,,,,,,,,,,,,,,,,,1,,,1,,,,,,,,,,1,1,,,,,,,,,,,,,,,,,1,,,,,,,,1,,1,1,,,,,2,2,11
36388843,212.3.196.192,5/22/2019 23:07,0,702,1,LV,25,,,,,1,,,,,,,,,,,,,,,,,,,,,,,,,,1,,,,,,,1,1,,,,,,,,,,,,,,,,,,,,1,,1,,,,,,,,1,,1,,,,,,,,,,,,,,,,,,,,,,1,,,,,,,,,,,,,,,,,,,,,,,,,1,,,,,,,,,,,,1,1,,,,,,,,,,,,,,,,,,1,,,,,,,,,,,,,,,1,,,,,,,,,,,,,,,,,,,,,1,,,,,,,,,,,,,,,,,,,1,,,,0,12,19,15,19,21,11,18,,,,,,,,87,87,11,83,86,86,100,10,11,15,12,9,6,13,73,79,77,67,33,47,74,,,,,,,,,,,,,,,93,76,33,77,56,51,84,,,,,,,,,,,,,,,,,,,,,,,,,,,,,50,20,83,72,21,38,25,,,,,,,,,,,,,,,,,,,,,,,,,,,,,,,1,,,,,,,,,,,,,,,,,,,1,,,,,,,,,1,,,,1,1,,,,,,,1,,,,,,,,,,1,,,,,,,,,,1,,,,,,,,,,,,,,1,,1,,,,,,,,,,,,,,,,,,1,,1,,1,,,,,,,,,,,1,,1,,,,,,,,,1,,,,,,,,,,,,1,,,,,1,,,,,,1,,,,,,,,,,,,,,,,,1,,,,1,1,,,,,,,1,,,,,,,1,,,,,,,,2,2,8
36419835,212.3.196.91,5/23/2019 06:16,0,654,1,LV,25,,,,,1,,,,,,,,,,,,,,,,,,,,,,,,,,,,,,,1,,,,,,,,1,,,,,,,,,,,,,,,,,,,,1,,,,,,,,,,,,,1,,,,,,,,,,,,,,,,,,,,,,1,,,1,,,,,,1,,,,,,,,,,,,,,,,1,,,,,,,,,,,,,,,,,,,1,,,,,,,,,,,,,,,,,,,,,1,,,,,,,,,1,,,,,,,,,,,,,,,,,1,,,,,,,,,,,,,,,,,,0,21,63,24,63,82,19,89,27,83,20,75,85,19,88,,,,,,,,26,22,83,27,27,23,32,62,31,13,95,29,29,83,19,17,64,27,22,35,33,,,,,,,,,,,,,,,13,14,82,33,20,17,20,10,33,87,17,61,87,11,,,,,,,,,,,,,,,,,,,,,,,,,,,,,,,,,,,,,,,,,,,85,87,26,83,90,26,91,,,,,,,,,1,,,,,,,,1,,,1,,,,,,,1,,,,,,1,,1,1,,,,,,,1,,,,,,1,1,,,,1,,,,1,,,,,,,1,,,,,,,,,1,1,,,,,1,,,,1,,,,,,,1,,,,,,,1,,,1,,,,,,,1,,,,1,,,1,,,,,,,,1,,1,,,,,,,,,,,,,1,,,1,,,,1,,,,,1,,,,,,,1,,,,,,,1,,,,1,1,,,,,,1,,,,,,,1,,,,,,,,2,2,1
36529963,46.109.42.74,5/24/2019 19:33,0,735,1,LV,12,,,,,1,,,1,,,,,,,,,,,,,,,,,,,,,,,,1,1,,,1,,1,1,1,1,,,,,,,,1,,,,,,,,1,,,,,,,,,1,1,,,,1,,,,,,,,,,,,,,,1,,,,,,,,,,,,,,,1,1,,,1,,,,,,,,1,1,,,,,,,,,,,,,,,1,,,,,,1,,,,,,,,,,,,1,,,1,,,,,,,,,,,1,,,1,,,1,,,,,,,,,,,,1,,,,,,,,1,,,,,,,,,1,,,,1,,,,,,,,0,,,,,,,,,,,,,,,,,,,,,,92,99,19,92,92,18,15,2,24,26,18,25,21,15,,,,,,,,,,,,,,,,,,,,,,25,9,93,10,9,8,26,51,50,90,65,37,14,49,,,,,,,,,,,,,,,100,78,78,42,36,24,78,,,,,,,,90,97,100,15,15,30,89,,,,,,,,95,50,3,76,100,5,100,,,,,,1,,,1,,1,,,,,,1,,,,,1,,,,,1,,,,1,,,,,,,,1,,,,,1,,,,,,,,1,,1,,,1,,1,,,,,,,,,,,,1,,,,,,,,,,,,,,,,,1,,,1,,,,,1,,1,,,1,,1,,,,1,,,,,,,1,,,,,,,,,1,,,,,,,,,,,,,1,,,,,,1,,,,,,,,1,,,,1,,,,,1,,,,,,1,,,,,,,,1,,,,,,,,,1,,,1,,1,,,2,2,9
36538825,213.226.141.232,5/25/2019 03:46,0,1506,1,LV,25,,,,,,,,,,,,,1,1,1,,,,,,,,,,,,,,,1,1,1,,,,,,,1,,,,,1,,,,,,1,,,,,,,,1,1,,,1,,,,,,,,,1,,,,,,,,,,,1,,,,,,,,,,1,1,,,,,,1,,,,,,,1,,,1,,,,,,,,,,1,,,,,1,,,,,1,,,,,,,,,1,,,,,,,,,,,,,,,1,,,,,,,,,,,1,,,,,,,1,,,,,,,,1,,,,,,,,,1,,,,,,,,,,1,1,,,,,,,,,0,,,,,,,,,,,,,,,,,,,,,,,,,,,,,13,21,54,14,14,9,12,24,23,76,24,14,59,25,,,,,,,,58,73,59,86,80,47,68,81,64,67,59,30,67,51,40,48,69,86,19,83,52,,,,,,,,,,,,,,,52,55,36,84,55,28,56,22,9,9,69,18,12,66,28,26,75,70,23,36,33,,,,,,,,33,34,33,77,42,25,21,,,,,1,,,,1,1,,,,,,,,,,,,1,,,,,,,,1,1,1,,,,1,,,,,1,,1,,,,1,1,,,,,,1,,,1,1,,,,,,,1,,,,,,,1,,1,,,,,1,,,,,,,,,1,,,,,,,,,,,1,,1,,1,,,,,,,,,1,1,1,,,,,,,,,,,1,,,1,,,,,,1,,,,,,,,,,,,1,,,,,1,,1,,,1,1,,,,,,,,,,,1,1,,,,,,,,,,1,,,,,1,,,,,,2,2,11
36566947,62.85.19.139,5/26/2019 01:28,0,679,1,LV,25,,,,,,,,,1,,,,,,,,,,,,,,,,,,,,,1,,,,,,,,,,,,,,,,,,,,,1,,,,,,1,,,,,,,,,,,,,,,1,,,,,,,,,,,,,,,,,,,,,,,,1,,,,,,,,,,,,,,,,,,,,,,1,,,,,,,,,,,1,,,,,,,,,,,,,,,,,,,,,,,,1,,,,,,,,,,,1,,,,,,,,,,,,,,,,,,,,1,,,,,,,,,,1,,,,,,,,,,,,,,0,0,100,0,100,0,0,0,100,100,0,0,100,0,0,,,,,,,,,,,,,,,,,,,,,,,,,,,,,,,,,,,,0,0,0,0,0,0,0,0,0,0,0,0,0,0,100,50,50,100,100,100,100,100,100,0,100,100,100,100,,,,,,,,100,100,50,100,71,100,0,0,0,0,0,0,0,0,,,,,,,,,,,,,,,10,50,50,20,100,0,0,,,,,,1,1,,1,,,,,1,1,,,,,,,,,,,,1,1,,1,,,,,,,,,1,,,,,,,,1,1,,,,,,,,,1,,1,,,,,,1,,,,,,1,,1,,,,,,,,,,,,,1,1,,,,,,1,,,,,,1,,,,1,,,,,,,1,,,1,1,,,,,,,,,,,1,,,,,,,,,1,,1,,,,,,,,,1,,,,,1,,,,,,,,,,,1,1,,,,,,,,,,,,,,1,,,,,1,,,,1,,,,,1,2,8
36567160,136.169.11.252,5/26/2019 01:50,0,1277,1,LV,25,,,,,,,,,,,,,,1,,,,,,,,,,,,,,,,,,,1,,,,,,1,,,,,,,,,,,1,,,,,,,,,,,,,,1,,,,,1,,,,,,,,,,,,,1,,,,,,,,,,,,,,,,,1,,1,,,,,,,,,,,,1,,,,,,,,,,,,,,,,1,,,,,1,,,,,,,,,,,,,1,,,,,,,,,1,,,,,,,,1,1,,,,,,,,,,,,1,,,,,,,,,,,,,,,,,,1,,,1,1,,,,,,,,,0,0,5,97,0,3,76,2,,,,,,,,,,,,,,,100,99,31,91,100,92,87,,,,,,,,,,,,,,,,,,,,,,,,,,,,,8,55,5,6,56,2,56,,,,,,,,100,100,0,100,100,55,100,,,,,,,,49,72,83,57,18,85,93,23,79,97,4,9,92,53,,,,,,,,52,55,70,21,84,19,65,0,0,100,0,0,93,0,,,,,,,,,1,,1,,,,,,,1,,,,1,,,,,1,,,1,,,,,,,,,1,,,,1,,,1,1,1,,,,,,,,,,1,,1,,,,,,,,,,,,,,,1,1,,,,,,,,1,,,,,,,,,,1,,,1,,,,1,,,,,1,,,,,,1,1,,,,,,,,,,1,,,,,,,,1,,,1,,1,,,,,,,,,1,,1,,,,,,,,,,,,,,,,1,,,,,1,,,,,,1,,,,,,,,1,,,,,1,,,2,5,17
36589573,213.226.141.137,5/27/2019 00:14,0,1129,1,LV,25,,,,,,,,1,,,,,,,,,1,,,,,1,,,,,,,,,,,,,,,,,1,,,,,,,,,1,1,,,,,,,,,,,,,,,1,,,,,,,,,,,,,,,,,,,1,,,,,,,,,,,,,1,,,,,,,1,,,,,,,,,,1,,1,,,,,,,,,,,,,,1,,,,,,,,,,,,,,,,,,,,,,,,,,1,,,,,,,,,1,,,,,,,,,1,,,,,,,,,,,,,1,,,,,,,,,,1,,,,,,,,,,,,0,,,,,,,,67,61,50,90,50,41,100,43,95,7,12,59,13,26,21,2,100,3,1,50,8,13,9,100,39,10,50,34,,,,,,,,,,,,,,,19,46,15,47,32,5,21,,,,,,,,,,,,,,,,,,,,,,,,,,,,,53,67,37,53,43,41,52,5,9,17,16,14,4,34,73,39,57,59,32,64,50,,,,,,,,,,,,,,,,,,,1,,1,1,,,,,,,,,,,,,,1,,,,,,,,,1,,,,,1,,,,,1,,1,,,1,1,1,,,,,,,,,,,1,,,,,1,,,,,,,,1,,,1,,1,,,,,,,,,1,,,D?vaina,1,,,1,,,1,,,,,,,1,,,,,,,,,1,1,,,,,,,,,,,,1,,,,,,,,,,,,,,,,,,,T?ra,,,1,,,,,,,,,1,,,,,,,,,,,1,,,,,,,,,,Mier?ga,,,,,,,,1,,,Asa,,2,1,11
36590214,194.19.252.72,5/27/2019 00:30,0,833,1,LV,25,,,,,1,,,1,,,,,,,,,,1,,,,,,,1,,1,,,,,,,,1,,,,,,,1,,,,,,,,,,,,,,1,,,,,1,,,,,,,,1,,,,,,1,1,,1,,,,,,,,,,,,,,,1,,,,,,,,,,1,,,,,,,,,,,1,1,,,,,,,,,,,,,,1,,,,,,,,,,,,,,,,,,,1,,,,,1,,,,,,,,,,,1,1,1,,,,,,,,,,,,,,,1,1,,,,,1,,,,,,,,,,,,,1,,,,,,,,0,72,72,50,53,89,50,90,,,,,,,,,,,,,,,8,8,8,8,8,8,8,5,5,92,5,5,5,5,,,,,,,,,,,,,,,32,21,48,51,19,18,14,,,,,,,,,,,,,,,12,12,90,12,12,12,12,,,,,,,,,,,,,,,,,,,,,,,,,,,,,,,,,,,,92,92,50,91,92,50,92,,,,,,1,,,1,,,,,,1,,,,,,,1,,,,,,1,,,,,,,1,1,,,,,,,1,,,1,1,,,,,,,1,,,1,,,1,,,,,1,,,,,,,1,,,1,,,,,,,1,,,,1,1,,,,1,,,,,1,,1,,,1,,1,,,,,,,1,,1,1,,,,,,,,,,1,,1,,,,,,,,,1,,1,,,,,,,,,,1,,1,,1,,,,,,1,,1,,,,,1,,,,,,1,,1,,,,1,,,,,,,1,,,1,,1,,,1,3,8
36590442,5.179.12.136,5/27/2019 00:36,0,1278,1,LV,,,,,,,,,1,,,,,,,,1,,,,,,1,,,,1,,,,,,,1,,,,,,1,,,,1,,,,,1,,1,,,,,,,,1,1,,,1,,,,,,,,,,,,,,,,,,,,,1,,,1,,,,,,,1,,,,,,1,,,,1,,,,,,,,,,1,,,,,,1,,,,,,,,,,1,,1,,,,,,,,,,,,,,,,,,,,,,1,,,,,,,1,,,,1,1,,,,,,,,1,,,,,,,,,,,,,,,,,,,,,,,,,1,1,,,,,1,,,,0,80,80,60,70,90,70,80,,,,,,,,,,,,,,,10,30,30,50,10,30,25,50,50,70,50,50,50,80,10,10,60,30,20,10,10,,,,,,,,40,10,40,20,40,40,40,,,,,,,,50,50,100,90,50,100,40,,,,,,,,,,,,,,,60,50,90,90,60,80,60,10,0,10,50,0,20,5,20,30,20,10,30,30,40,,,,,,,,,,,,,,,,,,,,,,,,,1,,1,,,,,1,,,,1,,,,,1,1,,1,,,,,,1,,1,,,,,1,,,,,,1,1,,,,,1,,,1,,,,,,,,,,,,,,1,,,1,,1,,,,,,1,1,,,,,,,1,,,,,,,,,,1,,1,,,,,,,,,1,1,1,,,,,,,,,1,1,1,,,,,,,,,1,,1,,,,,,,,,,1,1,,,1,,,,,,,,1,,,,1,,,1,,1,1,,,,,1,,,,,,,,,1,1,,,,1,,,1,2,8
36591510,5.179.12.136,5/27/2019 01:06,0,400,1,LV,,,,,,,,,1,,,1,,,,,,,,,,,,,,,,,,,,1,,,,,,,,,,,,,,,,1,,,,,,,,,,,,,,,,,,,,,,1,,,,,,,1,,,,,,,,,,,,,,,,,1,,,,,,,,,,,,,,,,,,,,1,,,,,,,,,,,,,,,,1,,,,,,,,,,,,,,,,,,,,,,,,1,,1,,,,,,,,,,,,,,1,,,,,,,,,,,1,,,,,,,,,,,,,,,,,,,1,,,,,,,,,0,,,,,,,,21,26,75,20,18,74,70,36,57,41,38,74,58,76,25,76,34,81,25,27,84,30,9,30,24,26,61,30,,,,,,,,86,68,35,66,57,32,56,98,23,22,81,71,28,72,,,,,,,,,,,,,,,86,69,69,79,16,21,24,,,,,,,,,,,,,,,,,,,,,,81,66,41,72,33,25,33,,,,,,,,,,,,,,,,,,,,,,,1,,,,,,1,,,,,1,,1,,,,,1,1,,,1,,,,,,,,,1,1,,,1,,,,,,1,,,,,,,1,,,,1,,,,1,,,,,,,,,,,,,Hz,,,,,1,1,,1,,,,,,,,,,,,,,Hz,,,,1,,1,,,1,,,,,,,,,,,,,Hz,,,,,1,,,,,1,Huj,,,1,,,1,,,1,,,,,,,,,,,,,Hz,,,,,,,,,,,Hz,,,,,,1,,,1,1,,,,,1,,,,,1,1,,,1,2,9
36591521,144.36.114.109,5/27/2019 01:06,0,1459,1,LV,25,,,,,,,,1,,,,,,1,,,,,1,,,1,,,1,,1,,,,,,,,,,,,,,,,,,,,1,,,,,,,1,,,,1,,,,1,,,,,,,,,,,,,,1,,,,,,1,,,,1,,,,,,,1,,,,,,,1,,,,,,,,,,,,,1,1,,,,,1,,,1,,,,,,,,1,1,,,,,,,,,,,,,,,,,1,,,,,1,,,,,,,,,,,1,1,,,,,1,,,,,,,,,,,,1,,,,,,,,,,,,,,,,1,1,1,,,,,,,,0,,,,,,,,,,,,,,,,,,,,,,30,14,27,51,51,19,16,62,70,24,100,69,97,53,,,,,,,,71,100,0,0,100,100,61,,,,,,,,27,28,77,50,50,62,50,,,,,,,,3,0,100,73,0,0,0,,,,,,,,0,6,81,0,0,65,29,,,,,,,,10,0,69,4,12,8,3,0,5,69,49,0,0,0,,,,,,,,,,,,1,,,,,,,,,,,,1,,,1,,1,,,,,,,,,1,,,,,,1,,,,,,,,,,,,,1,,,,,,,,,1,,,,,,,,,,,,,,,,1,,1,,,1,,,,,,,,,,,,,1,1,,,,,,,1,,1,,,,,,,,,1,,1,,,,,,,,,,,,,1,,,1,,1,,1,1,1,,,,,,,,,,,,1,,1,,,,,,,,,,,,1,,,,,,,1,,,,1,,,,,,,,,1,1,,,,1,,,1,2,8
36593041,87.110.155.189,5/27/2019 02:00,0,875,1,LV,32,,,,,,,,1,,,1,,,,,,1,,,,,,,,1,,,,,1,,,,,,,,1,1,,,,1,,,,,,,,,,,,,,,,,,,1,,1,,,,,,,,,,,,1,1,,,,,,,,,,,,,,,,1,,,,,,1,,,,,,,,,,,,,,,,,,1,,1,,1,,,,,,,,1,,,,,1,,1,,,,,,,,,,,1,1,,,,,,,,,,,,,,,,1,,,,,,1,,,,,,,,,,,,,,,1,,,,1,,,,,,,,,,,,,,,1,,1,,0,100,0,0,100,0,100,100,,,,,,,,,,,,,,,,,,,,,,70,0,100,80,0,100,50,,,,,,,,,,,,,,,,,,,,,,70,50,53,50,71,82,100,,,,,,,,0,0,100,0,0,0,0,,,,,,,,50,0,100,100,0,100,50,0,0,30,30,0,0,0,,,,,,,,,,,,,,,40,75,30,0,30,0,0,,,,,,,,,,,1,,1,,1,,,,1,,,,,,,,1,,,1,,1,,,,1,,1,,,,,1,,,,,,1,,,,1,,1,,1,,1,,,,,,,,,,,,1,1,,,1,,,,,1,,,,,1,1,,,,,,,,1,,,1,,1,,1,,1,,,,,,1,,,1,1,,,,,,,1,,,1,,1,,,,,,,,,1,1,1,,,,,,,,,1,1,,,,,1,,,,,,1,1,1,,,,,,,,1,,,,,,,,1,,,,,,,1,,1,1,,,,,1,2,8
36593201,46.109.14.209,5/27/2019 02:06,0,1563,1,LV,25,,,,,,,,,,,,,,1,,1,1,,,,,,,,1,,,,,,1,,1,,,,,,1,,,,,,,,,1,,1,,,,1,,,,,,,,,,1,,,,,,1,,,,,,1,,1,1,,,,,,,,,,,,,,,,,1,,,1,,,1,,,,,,,,,,1,,,,,1,,,,1,,,,,1,,,,,,1,,1,,,,,1,,,,,,,,1,,1,,,,,,,,,,,,,1,,,1,1,,,,,,,,1,,1,,,,,,,,,1,,,,,1,1,,,,,,1,,,,,,,,,,,0,100,88,17,82,93,50,70,77,60,82,77,85,84,100,,,,,,,,5,8,51,4,5,10,5,,,,,,,,9,11,100,52,12,47,9,70,62,13,9,68,13,74,,,,,,,,,,,,,,,,,,,,,,9,74,90,67,44,99,10,,,,,,,,,,,,,,,11,9,8,4,24,28,32,73,52,81,87,44,72,27,,,,,,,,,,,,,,,,,,,,1,,,1,,1,,1,,,,1,,,,1,,,,,,,1,,1,1,,,,,1,,,,,1,,1,,,,,,,,1,1,1,,,,1,1,,,,,,,1,,,,,,,1,,1,,,1,,,,,1,,1,,,,1,,,,,1,1,,,1,,,,1,,1,,,,,,,1,,1,,,,1,,,1,,,,1,1,1,,,,,,,,,1,1,1,,,,,,,,,1,,1,,,1,,,,,,1,1,,,,,,,1,,,,,,1,1,,,1,,,,,,,1,1,1,,,,,,,2,2,22
36606637,91.105.65.144,5/27/2019 06:42,0,2196,1,LV,25,,,,,,,,,,,,,,,1,,,,,,,,,,,,,,,1,,1,,,,,,,1,,,,,,,,,,,,,,,,,,,,,,,1,,,,,,1,1,,,,,,,1,,,,,,,,,,1,,,,,,,,,,1,,,,,,,,,,1,,,,,,,1,,1,,,,,,,1,,,,,,,1,,,,,,,1,,,,,,,,,,,,1,,,,,,,,,,,,,,,,1,1,,,,,,,,1,,,,,,,,,,,,,,,,,,1,,,,,,,,,,,,,,,,,0,,,,,,,,,,,,,,,50,50,0,100,50,0,50,,,,,,,,0,0,0,0,10,10,0,,,,,,,,,,,,,,,,,,,,,,0,0,0,0,0,0,0,50,50,50,100,0,100,100,100,100,100,100,1,100,100,,,,,,,,,,,,,,,0,0,0,0,0,0,0,100,50,50,100,100,50,100,,,,,,,,,,,,,,,,,,,1,1,,,,,1,,,,,,,,,1,,1,,,,,,1,,,1,,,,,,,1,,,1,,,,,1,,1,1,,,,,,,,,1,,1,,,,,1,,,,,,1,,,1,,,,,,,,,,,1,,,,,,1,,,,,1,,,,,1,,1,,,,,,,,,1,,1,,,,,,,,,1,,1,,,,,,,,,,,1,,,,,,,,,,,,1,,,1,,1,,,,,1,,,,,,,,,,,,,,,,,,1,,,,,1,,1,1,,,,,,2,2,3
36640279,91.135.22.254,5/27/2019 22:33,0,704,1,LV,25,,,,,,,,,1,,,,,1,,,,,,,,1,,,,,,,,,,1,,,,,,,1,,,,,,,,,,,,,,,,,,,,1,,,1,,,,,,,,,,,1,,,,,,,,,1,,,,,,,,1,,,1,,,,,,,,,,,,,,,1,,,,,1,,,,,1,,,,,,,,1,,,,,,,,,,,,1,,1,,,,,,,,,,,,,,,,,,,,,,,,,1,,,,1,,,,,,1,,,,,,,,,,,,,,,,,,,,,,,,1,,,,,,,,,0,,,,,,,,60,56,52,63,72,53,64,71,78,48,88,93,85,65,,,,,,,,20,6,31,54,64,34,35,53,31,54,53,20,69,31,,,,,,,,9,22,40,55,27,40,54,,,,,,,,51,34,69,78,52,71,50,62,50,100,69,31,100,0,,,,,,,,,,,,,,,0,0,0,0,0,0,0,,,,,,,,,,,,,,,,,,,,,,,,,,,,,1,,,,,1,,1,,,1,,,,,,,,,,,,1,,,,,,1,,,,,,,,,,,1,1,,,,1,,,,,,,,,,,,1,,,,,,,,1,,1,,,,,1,,,,,,,,,,,,,,1,,,1,,,,,,,1,,,,,,,,,,,1,,,,,,1,,,,,1,,,,,,,1,,,1,,,,,,,1,,,,,1,,,,,,,,,,,1,,,,,,,,,,,1,,,,,,,,,,,,,,1,,,,,,,1,2,8
36640549,144.36.114.109,5/27/2019 22:57,0,985,1,LV,25,,,,,,,,1,,,,,,,,,,,,,,,,,,,,,,,,1,,,,1,,,1,,,,,,,,,,,,,,,1,,,,,,,,,,,,,,,1,,,,,,,,,,,,,1,,,,,1,,,,,,1,,,,,,,,,,,,,,,,,,,,,,,,,1,,,,,,,,,,,1,,,,,,,,,,,,,,,,1,,,,,,,,1,,,,,,,,,,,1,,,,,,,,,,,,1,,,,,,,,,,,,,,,,,,,,,,,,1,,,,,,,,0,80,30,50,60,70,60,70,70,70,50,100,60,90,100,,,,,,,,,,,,,,,,,,,,,,50,50,50,50,20,25,50,50,50,0,0,60,0,80,,,,,,,,0,0,50,0,0,0,0,,,,,,,,,,,,,,,,,,,,,,,,,,,,,,,,,,,,50,0,100,75,0,50,20,,,,,,,,,,,,,,,,,,,,1,1,,,,1,,,,,,,,,1,,1,Negat?va,,,,,1,,1,1,,,,,1,,,,,1,,1,,,,,,1,1,,,1,,,,,,,,1,,,1,,1,,,,,1,,,1,,,1,,,,,,,1,1,,,,Pozit?va,,1,,1,,,,,1,,,1,1,1,,,,,,,,,1,1,,,,,,,1,,,,,1,,,,,1,,,,1,1,1,,,,,,,,,,1,,1,,,,,,,,,1,1,,,,,,,,Mier?ga,,,1,,,,,,,1,S?r?ga,,,,,,1,,1,,1,,,2,2,8
36642697,5.179.12.136,5/28/2019 00:33,0,1629,1,LV,,,,,,1,,,,,,,,,1,,,,1,,,,1,,,,,,1,,1,,,,,,,,1,1,,,,1,1,,,,,,,,,1,,,,,,1,,,1,,,,,,,1,,,,,,1,1,,,,,,,,,,1,,,,,,,,,,,,1,,,,1,,1,,,,,,,,,1,,,,,,1,,,,,,,,,,1,,,,,1,,,,,,,,,,,,,,1,,,,,1,,1,,,,,,,,,1,1,,,,,,,,1,,,1,,,,,,1,,,,,,,,,,,,,,,,,,1,,,,1,,1,,0,,,,,,,,5,15,90,15,15,80,15,50,25,25,10,85,10,15,,,,,,,,,,,,,,,,,,,,,,,,,,,,,5,5,5,5,50,5,5,,,,,,,,,,,,,,,15,15,15,60,15,60,80,,,,,,,,,,,,,,,70,10,75,90,90,10,90,80,80,20,20,70,20,50,80,50,80,25,20,15,50,50,50,90,90,10,90,70,,,,,1,1,,,,,1,,1,,1,,,1,,,,,,,,,1,1,,,,1,,,,1,,1,,,1,,,,,,1,,,,,1,1,,,,1,,,,1,,,1,,,,,,,,1,,1,,,1,,,,,,,1,1,,1,,,,,,,1,,1,,,1,,1,1,1,,,,,,,,,1,,1,,,1,,,,,,1,,1,,,,,,,,,1,,1,,,1,,,,,,,,1,,,1,,,1,,,,,1,,,1,,,,,,1,,,,1,,,,,,,,,,,1,,1,1,,,,,2,2,8
36649055,83.99.129.192,5/28/2019 03:24,0,3258,1,LV,25,,,,,1,,,1,,1,,,,,,,,,,,,,,,,,,,,,,,1,,,,,,1,1,1,,,,,,,1,,,,,,,,,,,1,,,1,,,,,,,,,,,,,,,,,,,,1,,,,,,,,,,,1,,,1,,,,,,,,,,,,,,,,,,,,,,,,,1,,,,,,,,,,,,,1,,,,,,,,,,,,,,1,,,,,1,,,,,,,,,,,1,1,1,,,,,,,,,,,,,,,,,1,,,,,,,1,,,,,,,,,,,,1,,,,1,,0,,,,,,,,100,75,0,100,100,50,70,,,,,,,,,,,,,,,35,22,84,16,0,100,25,,,,,,,,80,16,20,0,48,100,64,25,0,0,100,0,81,50,,,,,,,,,,,,,,,0,1,100,13,0,79,0,,,,,,,,78,68,55,73,78,71,88,,,,,,,,,,,,,,,50,50,100,0,0,100,0,50,0,40,20,100,0,63,,,,,,,,,,,1,,,,,,1,,,1,,1,,,1,,,,,,1,,,,,,1,,,,1,,,,,1,,,,,,,1,,,,,,,,,,1,,,,,,,,,1,,,,,1,,,,,,,,,1,,1,,,,,,,1,,1,,1,,1,,,,,,,,,,,1,,,,,,,,,,,,,1,,,,,,,,,,,1,,,,,,,1,,,1,1,,,1,,,,,,,,1,,,1,,,1,,,,1,,,,,,,,,,,,,1,,,1,,,1,,,1,2,8
36742362,77.219.0.44,5/29/2019 07:36,0,1172,1,LV,,,,,,1,,,1,,,,,,,,,,1,,,,1,,,,,,,,,,,,,,1,,,,,,1,,,,,,,,,,1,1,,,,,,,,,,,,1,,,,,,,,,,,,,,,,,,,,,1,1,,,,,,,,,,,,,,1,,,,,,,,,,,1,1,,,,,,1,,,,,,,,,,1,,,,,,,1,,,1,,,,,,,,1,1,,,,,,,,,,,,1,,,,1,,,1,,,,,,,,,,,,,1,,,1,,,,,,,,,,,,,,,1,,1,,,,,,,,0,5,20,20,50,30,30,1,,,,,,,,,,,,,,,10,20,100,20,10,30,10,,,,,,,,70,80,70,80,70,70,70,80,70,40,100,60,20,100,,,,,,,,10,10,100,10,20,10,15,50,50,50,50,30,50,50,,,,,,,,,,,,,,,50,50,10,80,15,50,70,,,,,,,,30,25,30,50,50,30,25,,,,,,,,50,75,10,50,100,40,30,,1,,,,1,,1,,,,,,,,,1,,,,,1,,1,,,,,,,1,,,,,,,,1,,,,,,,,,,,1,1,,,,,,,1,,1,,,,,1,,,,,,1,,,1,,,,,,1,,,,,,,1,,,1,1,,,,,1,,,,,,1,,,,,1,,,,,1,1,,,,,,,,,,,,1,,,,,,,,,,,,,,,,,,1,,,1,,,,1,,,,,,,1,,,,,,1,,,,,,,,,,,,,1,,,,,,,,1,,,1,,,1,2,6
36752817,84.237.149.157,5/29/2019 09:52,0,831,1,LV,25,,,,,,,,,,,1,,,,,,,,,,,,,,,,1,,,,,1,,,,,,,,,1,,,,,,,1,,1,,,,,,,,,,,,1,,1,,,,1,,,,,,,,1,,,,,,,,,,1,,,,,,,,,,1,,1,,,,1,,,,,,,,,1,,,,,,,,,,1,,,,,,,,,,,,,,,1,,,,1,,,,,,,,1,,,,,,,,,1,,,,,,,,1,,,,,,,,1,,1,,,,,,,,,,,,,,,1,,,,1,,,,,,,,,,,,,,0,,,,,,,,,,,,,,,7,28,4,8,47,2,7,,,,,,,,,,,,,,,6,32,89,48,49,55,47,5,8,11,9,11,4,12,,,,,,,,48,50,44,31,51,75,45,,,,,,,,50,44,85,28,32,50,50,,,,,,,,,,,,,,,5,22,82,14,26,30,28,42,40,67,50,5,50,50,22,22,78,11,13,71,20,,,,,,,,,,,,1,1,1,,,,,,,,,1,,,,,,1,,,,,1,,1,1,,,,,,,,,1,,1,,1,,,,1,,,,,,1,1,,,,1,1,,,,,,,,,,,,1,,,1,1,,,,,1,,,,1,1,,,,,,,,1,,,,1,,,,1,,,,,,,,,1,,1,,1,,,,,,,,,1,,,,,,,,,,,1,,1,,,,,,,,,1,,1,,,,1,,,,,,,,1,,,1,1,,,,,1,,1,,,,,1,,,,,,,1,,1,1,,,,,2,2,21
,,,,,,,,,,,,,,,,,,,,,,,,,,,,,,,,,,,,,,,,,,,,,,,,,,,,,,,,,,,,,,,,,,,,,,,,,,,,,,,,,,,,,,,,,,,,,,,,,,,,,,,,,,,,,,,,,,,,,,,,,,,,,,,,,,,,,,,,,,,,,,,,,,,,,,,,,,,,,,,,,,,,,,,,,,,,,,,,,,,,,,,,,,,,,,,,,,,,,,,,,,,,,,,,,,,,,,,,53,54,55,100,56,78,56,,,,,,,,,,,,,,,,,,,,,,,,,,,,,,,,,,,,,,,,,,,82,52,17,2,81,17,51,,,,,,,,100,0,100,99,0,52,0,53,0,100,100,53,0,0,,,,,,,,,,,,,,,0,0,100,100,49,0,0,0,0,100,100,0,0,0,,,,,,,,22,99,0,99,0,0,56,,,,,,,,,,,,,,,,,,,,,,,,,,,,,,,,,,,,,,,,,,,,,,,,,,,,,,,,,,,,,,,,,,,,,,,,,,,,,,,,,,,,,,,,,,,,,,,,,,,,,,,,,,,,,,,,,,,,,,,,,,,,,,,,,,,,,,,,,,,,,,,,,,,,,,,,,,,,,,,,,,,,,,,,,,,,,,,,,,,,,,,,,,,,,,,,
,,,,,,,,,,,,,,,,,,,,,,,,,,,,,,,,,,,,,,,,,,,,,,,,,,,,,,,,,,,,,,,,,,,,,,,,,,,,,,,,,,,,,,,,,,,,,,,,,,,,,,,,,,,,,,,,,,,,,,,,,,,,,,,,,,,,,,,,,,,,,,,,,,,,,,,,,,,,,,,,,,,,,,,,,,,,,,,,,,,,,,,,,,,,,,,,,,,,,,,,,,,,,,,,,,,,,,,,84,58,50,60,84,50,84,,,,,,,,,,,,,,,,,,,,,,,,,,,,,,,,,,,,,,,,,,,88,87,88,87,87,87,88,11,11,14,10,13,12,10,50,63,55,79,54,62,61,10,10,10,10,11,11,10,,,,,,,,,,,,,,,9,9,7,9,9,9,10,,,,,,,,76,72,75,77,24,79,24,,,,,,,,,,,,,,,,,,,,,,,,,,,,,,,,,,,,,,,,,,,,,,,,,,,,,,,,,,,,,,,,,,,,,,,,,,,,,,,,,,,,,,,,,,,,,,,,,,,,,,,,,,,,,,,,,,,,,,,,,,,,,,,,,,,,,,,,,,,,,,,,,,,,,,,,,,,,,,,,,,,,,,,,,,,,,,,,,,,,,,,,,,,,,,,,,,,,,,,
,,,,,,,,,,,,,,,,,,,,,,,,,,,,,,,,,,,,,,,,,,,,,,,,,,,,,,,,,,,,,,,,,,,,,,,,,,,,,,,,,,,,,,,,,,,,,,,,,,,,,,,,,,,,,,,,,,,,,,,,,,,,,,,,,,,,,,,,,,,,,,,,,,,,,,,,,,,,,,,,,,,,,,,,,,,,,,,,,,,,,,,,,,,,,,,,,,,,,,,,,,,,,,,,,,,,,,,,4,5,4,4,4,4,91,,,,,,,,,,,,,,,,,,,,,,,,,,,,,5,2,44,4,4,2,5,,,,,,,,5,90,3,6,5,4,4,,,,,,,,,,,,,,,4,4,5,99,4,4,4,,,,,,,,,,,,,,,,,,,,,,1,1,74,1,1,1,1,,,,,,,,97,3,4,3,3,4,4,,,,,,,,,,,,,,,,,,,,,,,,,,,,,,,,,,,,,,,,,,,,,,,,,,,,,,,,,,,,,,,,,,,,,,,,,,,,,,,,,,,,,,,,,,,,,,,,,,,,,,,,,,,,,,,,,,,,,,,,,,,,,,,,,,,,,,,,,,,,,,,,,,,,,,,,,,,,,,,,,,,,,,,,,,,,,,,,,,,,,,,,,,,,,,,,
,,,,,,,,,,,,,,,,,,,,,,,,,,,,,,,,,,,,,,,,,,,,,,,,,,,,,,,,,,,,,,,,,,,,,,,,,,,,,,,,,,,,,,,,,,,,,,,,,,,,,,,,,,,,,,,,,,,,,,,,,,,,,,,,,,,,,,,,,,,,,,,,,,,,,,,,,,,,,,,,,,,,,,,,,,,,,,,,,,,,,,,,,,,,,,,,,,,,,,,,,,,,,,,,,,,,,,,,90,60,20,15,80,0,80,,,,,,,,,,,,,,,,,,,,,,,,,,,,,0,0,100,60,0,60,40,,,,,,,,60,40,0,0,85,0,55,,,,,,,,,,,,,,,,,,,,,,,,,,,,,50,50,100,60,0,65,50,45,0,40,60,0,25,50,,,,,,,,55,60,25,0,40,45,50,60,65,25,10,100,0,50,,,,,,,,,,,,,,,,,,,,,,,,,,,,,,,,,,,,,,,,,,,,,,,,,,,,,,,,,,,,,,,,,,,,,,,,,,,,,,,,,,,,,,,,,,,,,,,,,,,,,,,,,,,,,,,,,,,,,,,,,,,,,,,,,,,,,,,,,,,,,,,,,,,,,,,,,,,,,,,,,,,,,,,,,,,,,,,,,,,,,,,,,,,,,,,,
,,,,,,,,,,,,,,,,,,,,,,,,,,,,,,,,,,,,,,,,,,,,,,,,,,,,,,,,,,,,,,,,,,,,,,,,,,,,,,,,,,,,,,,,,,,,,,,,,,,,,,,,,,,,,,,,,,,,,,,,,,,,,,,,,,,,,,,,,,,,,,,,,,,,,,,,,,,,,,,,,,,,,,,,,,,,,,,,,,,,,,,,,,,,,,,,,,,,,,,,,,,,,,,,,,,,,,,,60,51,52,79,61,42,60,,,,,,,,,,,,,,,,,,,,,,,,,,,,,24,47,33,2,78,100,38,,,,,,,,42,100,1,2,100,2,52,65,15,26,29,91,53,43,50,49,100,100,54,91,49,,,,,,,,,,,,,,,45,18,44,82,23,78,24,11,3,100,50,7,2,1,,,,,,,,100,100,99,61,96,89,91,,,,,,,,,,,,,,,,,,,,,,,,,,,,,,,,,,,,,,,,,,,,,,,,,,,,,,,,,,,,,,,,,,,,,,,,,,,,,,,,,,,,,,,,,,,,,,,,,,,,,,,,,,,,,,,,,,,,,,,,,,,,,,,,,,,,,,,,,,,,,,,,,,,,,,,,,,,,,,,,,,,,,,,,,,,,,,,,,,,,,,,,,,,,,,,,,,,,,,,
,,,,,,,,,,,,,,,,,,,,,,,,,,,,,,,,,,,,,,,,,,,,,,,,,,,,,,,,,,,,,,,,,,,,,,,,,,,,,,,,,,,,,,,,,,,,,,,,,,,,,,,,,,,,,,,,,,,,,,,,,,,,,,,,,,,,,,,,,,,,,,,,,,,,,,,,,,,,,,,,,,,,,,,,,,,,,,,,,,,,,,,,,,,,,,,,,,,,,,,,,,,,,,,,,,,,,,,,79,100,24,86,93,19,100,,,,,,,,,,,,,,,,,,,,,,,,,,,,,3,17,62,23,4,45,12,61,93,2,86,77,0,78,,,,,,,,,,,,,,,50,35,72,50,29,91,51,,,,,,,,,,,,,,,,,,,,,,4,6,8,7,39,0,18,,,,,,,,50,25,94,0,0,60,7,92,99,14,85,89,0,62,,,,,,,,,,,,,,,,,,,,,,,,,,,,,,,,,,,,,,,,,,,,,,,,,,,,,,,,,,,,,,,,,,,,,,,,,,,,,,,,,,,,,,,,,,,,,,,,,,,,,,,,,,,,,,,,,,,,,,,,,,,,,,,,,,,,,,,,,,,,,,,,,,,,,,,,,,,,,,,,,,,,,,,,,,,,,,,,,,,,,,,,,,,,,,,,
,,,,,,,,,,,,,,,,,,,,,,,,,,,,,,,,,,,,,,,,,,,,,,,,,,,,,,,,,,,,,,,,,,,,,,,,,,,,,,,,,,,,,,,,,,,,,,,,,,,,,,,,,,,,,,,,,,,,,,,,,,,,,,,,,,,,,,,,,,,,,,,,,,,,,,,,,,,,,,,,,,,,,,,,,,,,,,,,,,,,,,,,,,,,,,,,,,,,,,,,,,,,,,,,,,,,,,,,12,28,41,22,50,29,21,,,,,,,,,,,,,,,,,,,,,,,,,,,,,,,,,,,,,,,,,,,58,84,37,76,87,69,89,37,0,59,23,39,50,34,8,7,100,36,12,9,24,1,3,100,5,3,4,5,,,,,,,,,,,,,,,35,35,49,59,85,71,100,,,,,,,,81,61,50,62,52,51,65,77,78,28,86,92,49,80,,,,,,,,,,,,,,,,,,,,,,,,,,,,,,,,,,,,,,,,,,,,,,,,,,,,,,,,,,,,,,,,,,,,,,,,,,,,,,,,,,,,,,,,,,,,,,,,,,,,,,,,,,,,,,,,,,,,,,,,,,,,,,,,,,,,,,,,,,,,,,,,,,,,,,,,,,,,,,,,,,,,,,,,,,,,,,,,,,,,,,,,,,,,,,,,
,,,,,,,,,,,,,,,,,,,,,,,,,,,,,,,,,,,,,,,,,,,,,,,,,,,,,,,,,,,,,,,,,,,,,,,,,,,,,,,,,,,,,,,,,,,,,,,,,,,,,,,,,,,,,,,,,,,,,,,,,,,,,,,,,,,,,,,,,,,,,,,,,,,,,,,,,,,,,,,,,,,,,,,,,,,,,,,,,,,,,,,,,,,,,,,,,,,,,,,,,,,,,,,,,,,,,,,,64,72,50,100,50,65,51,,,,,,,,,,,,,,,,,,,,,,,,,,,,,24,34,100,23,21,35,19,,,,,,,,16,20,36,9,7,15,20,94,57,78,87,49,86,71,52,51,44,82,57,78,66,35,38,64,51,51,70,51,,,,,,,,,,,,,,,,,,,,,,50,48,74,22,46,83,58,,,,,,,,55,80,35,14,68,24,51,,,,,,,,,,,,,,,,,,,,,,,,,,,,,,,,,,,,,,,,,,,,,,,,,,,,,,,,,,,,,,,,,,,,,,,,,,,,,,,,,,,,,,,,,,,,,,,,,,,,,,,,,,,,,,,,,,,,,,,,,,,,,,,,,,,,,,,,,,,,,,,,,,,,,,,,,,,,,,,,,,,,,,,,,,,,,,,,,,,,,,,,,,,,,,,,
,,,,,,,,,,,,,,,,,,,,,,,,,,,,,,,,,,,,,,,,,,,,,,,,,,,,,,,,,,,,,,,,,,,,,,,,,,,,,,,,,,,,,,,,,,,,,,,,,,,,,,,,,,,,,,,,,,,,,,,,,,,,,,,,,,,,,,,,,,,,,,,,,,,,,,,,,,,,,,,,,,,,,,,,,,,,,,,,,,,,,,,,,,,,,,,,,,,,,,,,,,,,,,,,,,,,,,,,85,50,49,82,55,87,86,,,,,,,,,,,,,,,,,,,,,,,,,,,,,,,,,,,,87,86,52,18,88,88,85,,,,,,,,91,18,14,16,14,52,9,93,19,16,12,17,14,88,94,92,91,92,87,95,94,,,,,,,,,,,,,,,,,,,,,,91,92,51,88,91,91,96,54,84,85,50,85,53,49,,,,,,,,,,,,,,,,,,,,,,,,,,,,,,,,,,,,,,,,,,,,,,,,,,,,,,,,,,,,,,,,,,,,,,,,,,,,,,,,,,,,,,,,,,,,,,,,,,,,,,,,,,,,,,,,,,,,,,,,,,,,,,,,,,,,,,,,,,,,,,,,,,,,,,,,,,,,,,,,,,,,,,,,,,,,,,,,,,,,,,,,,,,,,,,,,,,,,,,
,,,,,,,,,,,,,,,,,,,,,,,,,,,,,,,,,,,,,,,,,,,,,,,,,,,,,,,,,,,,,,,,,,,,,,,,,,,,,,,,,,,,,,,,,,,,,,,,,,,,,,,,,,,,,,,,,,,,,,,,,,,,,,,,,,,,,,,,,,,,,,,,,,,,,,,,,,,,,,,,,,,,,,,,,,,,,,,,,,,,,,,,,,,,,,,,,,,,,,,,,,,,,,,,,,,,,,,,,,,,,,,,,,,,,,,,,,,,,,,,,,,,,,,,,,,13,4,30,34,28,34,46,,,,,,,,1,1,5,1,1,2,1,5,8,89,8,12,7,18,,,,,,,,5,4,7,6,8,7,4,,,,,,,,,,,,,,,,,,,,,,4,6,7,43,9,1,50,62,76,79,78,82,83,71,,,,,,,,,,,,,,,,,,,,,,,,,,,,,,,,,,,,,,,,,,,,,,,,,,,,,,,,,,,,,,,,,,,,,,,,,,,,,,,,,,,,,,,,,,,,,,,,,,,,,,,,,,,,,,,,,,,,,,,,,,,,,,,,,,,,,,,,,,,,,,,,,,,,,,,,,,,,,,,,,,,,,,,,,,,,,,,,,,,,,,,,,,,,,,,,,,,,,,,
,,,,,,,,,,,,,,,,,,,,,,,,,,,,,,,,,,,,,,,,,,,,,,,,,,,,,,,,,,,,,,,,,,,,,,,,,,,,,,,,,,,,,,,,,,,,,,,,,,,,,,,,,,,,,,,,,,,,,,,,,,,,,,,,,,,,,,,,,,,,,,,,,,,,,,,,,,,,,,,,,,,,,,,,,,,,,,,,,,,,,,,,,,,,,,,,,,,,,,,,,,,,,,,,,,,,,,,,100,100,41,50,100,26,100,,,,,,,,,,,,,,,,,,,,,,,,,,,,,,,,,,,,,,,,,,,100,100,5,46,100,39,100,63,100,12,53,79,28,100,100,100,100,100,100,100,100,48,14,34,26,16,51,26,,,,,,,,9,9,10,12,11,9,8,19,12,7,17,7,8,12,,,,,,,,,,,,,,,,,,,,,,,,,,,,,,,,,,,,,,,,,,,,,,,,,,,,,,,,,,,,,,,,,,,,,,,,,,,,,,,,,,,,,,,,,,,,,,,,,,,,,,,,,,,,,,,,,,,,,,,,,,,,,,,,,,,,,,,,,,,,,,,,,,,,,,,,,,,,,,,,,,,,,,,,,,,,,,,,,,,,,,,,,,,,,,,,,,,,,,,,,,,,,,,,,,,,,
,,,,,,,,,,,,,,,,,,,,,,,,,,,,,,,,,,,,,,,,,,,,,,,,,,,,,,,,,,,,,,,,,,,,,,,,,,,,,,,,,,,,,,,,,,,,,,,,,,,,,,,,,,,,,,,,,,,,,,,,,,,,,,,,,,,,,,,,,,,,,,,,,,,,,,,,,,,,,,,,,,,,,,,,,,,,,,,,,,,,,,,,,,,,,,,,,,,,,,,,,,,,,,,,,,,,,,,,35,41,40,23,37,70,23,,,,,,,,,,,,,,,,,,,,,,,,,,,,,23,17,25,53,27,33,26,69,60,45,82,86,51,68,35,55,30,80,100,29,100,,,,,,,,,,,,,,,27,1,100,25,1,45,1,,,,,,,,,,,,,,,95,94,7,100,86,96,71,1,1,100,67,1,24,1,2,2,70,18,1,7,1,,,,,,,,,,,,,,,,,,,,,,,,,,,,,,,,,,,,,,,,,,,,,,,,,,,,,,,,,,,,,,,,,,,,,,,,,,,,,,,,,,,,,,,,,,,,,,,,,,,,,,,,,,,,,,,,,,,,,,,,,,,,,,,,,,,,,,,,,,,,,,,,,,,,,,,,,,,,,,,,,,,,,,,,,,,,,,,,,,,,,,,,,,,,,,,,,,,,,,,
,,,,,,,,,,,,,,,,,,,,,,,,,,,,,,,,,,,,,,,,,,,,,,,,,,,,,,,,,,,,,,,,,,,,,,,,,,,,,,,,,,,,,,,,,,,,,,,,,,,,,,,,,,,,,,,,,,,,,,,,,,,,,,,,,,,,,,,,,,,,,,,,,,,,,,,,,,,,,,,,,,,,,,,,,,,,,,,,,,,,,,,,,,,,,,,,,,,,,,,,,,,,,,,,,,,,,,,,77,50,24,76,50,49,22,,,,,,,,,,,,,,,,,,,,,,,,,,,,,22,2,86,0,21,53,53,,,,,,,,46,51,49,0,0,0,49,53,51,50,2,19,0,47,,,,,,,,50,47,97,49,51,100,50,,,,,,,,,,,,,,,0,20,0,50,26,20,0,,,,,,,,47,76,73,44,49,98,78,46,49,29,0,76,23,17,,,,,,,,,,,,,,,,,,,,,,,,,,,,,,,,,,,,,,,,,,,,,,,,,,,,,,,,,,,,,,,,,,,,,,,,,,,,,,,,,,,,,,,,,,,,,,,,,,,,,,,,,,,,,,,,,,,,,,,,,,,,,,,,,,,,,,,,,,,,,,,,,,,,,,,,,,,,,,,,,,,,,,,,,,,,,,,,,,,,,,,,,,,,,,,,
,,,,,,,,,,,,,,,,,,,,,,,,,,,,,,,,,,,,,,,,,,,,,,,,,,,,,,,,,,,,,,,,,,,,,,,,,,,,,,,,,,,,,,,,,,,,,,,,,,,,,,,,,,,,,,,,,,,,,,,,,,,,,,,,,,,,,,,,,,,,,,,,,,,,,,,,,,,,,,,,,,,,,,,,,,,,,,,,,,,,,,,,,,,,,,,,,,,,,,,,,,,,,,,,,,,,,,,,,,,,,,,,,,,,,,,,,,,,,,,,,,,,,,,,,,,1,3,83,31,22,92,66,,,,,,,,,,,,,,,,,,,,,,,,,,,,,,,,,,,,,,,,,,,2,1,41,28,3,7,14,3,9,47,57,8,62,41,2,7,44,55,11,79,3,1,1,46,42,24,13,67,11,6,55,50,2,1,71,,,,,,,,,,,,,,,,,,,,,,,,,,,,,,,,,,,,,,,,,,,,,,,,,,,,,,,,,,,,,,,,,,,,,,,,,,,,,,,,,,,,,,,,,,,,,,,,,,,,,,,,,,,,,,,,,,,,,,,,,,,,,,,,,,,,,,,,,,,,,,,,,,,,,,,,,,,,,,,,,,,,,,,,,,,,,,,,,,,,,,,,,,,,,,,,
,,,,,,,,,,,,,,,,,,,,,,,,,,,,,,,,,,,,,,,,,,,,,,,,,,,,,,,,,,,,,,,,,,,,,,,,,,,,,,,,,,,,,,,,,,,,,,,,,,,,,,,,,,,,,,,,,,,,,,,,,,,,,,,,,,,,,,,,,,,,,,,,,,,,,,,,,,,,,,,,,,,,,,,,,,,,,,,,,,,,,,,,,,,,,,,,,,,,,,,,,,,,,,,,,,,,,,,,0,0,0,100,0,0,0,,,,,,,,,,,,,,,,,,,,,,,,,,,,,0,0,100,0,0,0,0,,,,,,,,0,0,0,0,0,0,0,,,,,,,,0,0,100,100,0,100,0,100,0,100,100,0,100,0,,,,,,,,0,0,100,100,100,100,100,0,0,0,0,0,0,0,,,,,,,,,,,,,,,,,,,,,,,,,,,,,,,,,,,,,,,,,,,,,,,,,,,,,,,,,,,,,,,,,,,,,,,,,,,,,,,,,,,,,,,,,,,,,,,,,,,,,,,,,,,,,,,,,,,,,,,,,,,,,,,,,,,,,,,,,,,,,,,,,,,,,,,,,,,,,,,,,,,,,,,,,,,,,,,,,,,,,,,,,,,,,,,,,,,,,,,,,,,,,,,,,,,,,
,,,,,,,,,,,,,,,,,,,,,,,,,,,,,,,,,,,,,,,,,,,,,,,,,,,,,,,,,,,,,,,,,,,,,,,,,,,,,,,,,,,,,,,,,,,,,,,,,,,,,,,,,,,,,,,,,,,,,,,,,,,,,,,,,,,,,,,,,,,,,,,,,,,,,,,,,,,,,,,,,,,,,,,,,,,,,,,,,,,,,,,,,,,,,,,,,,,,,,,,,,,,,,,,,,,,,,,,0,0,100,0,0,100,100,,,,,,,,,,,,,,,,,,,,,,,,,,,,,,,,,,,,,,,,,,,0,0,0,0,0,0,0,67,46,64,75,65,84,77,,,,,,,,,,,,,,,,,,,,,,,,,,,,,0,0,33,0,0,0,0,0,0,100,0,0,50,0,50,50,50,50,50,100,84,31,12,0,22,0,0,0,,,,,,,,,,,,,,,,,,,,,,,,,,,,,,,,,,,,,,,,,,,,,,,,,,,,,,,,,,,,,,,,,,,,,,,,,,,,,,,,,,,,,,,,,,,,,,,,,,,,,,,,,,,,,,,,,,,,,,,,,,,,,,,,,,,,,,,,,,,,,,,,,,,,,,,,,,,,,,,,,,,,,,,,,,,,,,,,,,,,,,,,,,,,,,,,
,,,,,,,,,,,,,,,,,,,,,,,,,,,,,,,,,,,,,,,,,,,,,,,,,,,,,,,,,,,,,,,,,,,,,,,,,,,,,,,,,,,,,,,,,,,,,,,,,,,,,,,,,,,,,,,,,,,,,,,,,,,,,,,,,,,,,,,,,,,,,,,,,,,,,,,,,,,,,,,,,,,,,,,,,,,,,,,,,,,,,,,,,,,,,,,,,,,,,,,,,,,,,,,,,,,,,,,,100,100,20,100,100,20,80,,,,,,,,,,,,,,,,,,,,,,,,,,,,,0,0,100,100,0,0,10,0,0,0,0,26,0,21,0,50,0,0,70,0,70,80,80,0,20,50,80,80,50,50,90,100,10,70,50,20,0,100,79,50,80,50,,,,,,,,0,0,100,100,49,20,20,0,0,0,80,0,0,0,,,,,,,,,,,,,,,30,20,0,0,70,0,30,,,,,,,,,,,,,,,,,,,,,,,,,,,,,,,,,,,,,,,,,,,,,,,,,,,,,,,,,,,,,,,,,,,,,,,,,,,,,,,,,,,,,,,,,,,,,,,,,,,,,,,,,,,,,,,,,,,,,,,,,,,,,,,,,,,,,,,,,,,,,,,,,,,,,,,,,,,,,,,,,,,,,,,,,,,,,,,,,,,,,,,,,,,,,,,,
,,,,,,,,,,,,,,,,,,,,,,,,,,,,,,,,,,,,,,,,,,,,,,,,,,,,,,,,,,,,,,,,,,,,,,,,,,,,,,,,,,,,,,,,,,,,,,,,,,,,,,,,,,,,,,,,,,,,,,,,,,,,,,,,,,,,,,,,,,,,,,,,,,,,,,,,,,,,,,,,,,,,,,,,,,,,,,,,,,,,,,,,,,,,,,,,,,,,,,,,,,,,,,,,,,,,,,,,64,16,27,56,61,25,63,,,,,,,,,,,,,,,,,,,,,,,,,,,,,,,,,,,,7,8,18,16,9,8,12,,,,,,,,,,,,,,,69,69,34,91,69,68,86,,,,,,,,,,,,,,,70,42,61,62,20,97,93,19,5,62,26,33,22,70,59,41,80,38,14,79,39,,,,,,,,,,,,,,,,,,,,,,,,,,,,,,,,,,,,,,,,,,,,,,,,,,,,,,,,,,,,,,,,,,,,,,,,,,,,,,,,,,,,,,,,,,,,,,,,,,,,,,,,,,,,,,,,,,,,,,,,,,,,,,,,,,,,,,,,,,,,,,,,,,,,,,,,,,,,,,,,,,,,,,,,,,,,,,,,,,,,,,,,,,,,,,,,,,,,,,,,,,,,,,
,,,,,,,,,,,,,,,,,,,,,,,,,,,,,,,,,,,,,,,,,,,,,,,,,,,,,,,,,,,,,,,,,,,,,,,,,,,,,,,,,,,,,,,,,,,,,,,,,,,,,,,,,,,,,,,,,,,,,,,,,,,,,,,,,,,,,,,,,,,,,,,,,,,,,,,,,,,,,,,,,,,,,,,,,,,,,,,,,,,,,,,,,,,,,,,,,,,,,,,,,,,,,,,,,,,,,,,,,,,,,,,,,,,,,,,,,,,,,,,,,,,,,,,,,,,71,66,28,35,55,85,41,40,6,4,35,5,4,7,1,4,94,3,5,4,5,5,7,98,5,97,3,4,33,89,33,92,69,11,33,11,14,73,78,63,24,28,,,,,,,,,,,,,,,,,,,,,,,,,,,,,,,,,,,,,,,,,,,,,,,,,,,,,,,,,,,,,,,,,,,,,,,,,,,,,,,,,,,,,,,,,,,,,,,,,,,,,,,,,,,,,,,,,,,,,,,,,,,,,,,,,,,,,,,,,,,,,,,,,,,,,,,,,,,,,,,,,,,,,,,,,,,,,,,,,,,,,,,,,,,,,,,,,,,,,,,,,,,,,,,,,,,,,,,,,,,,,,,,,,,,,,,,,,
,,,,,,,,,,,,,,,,,,,,,,,,,,,,,,,,,,,,,,,,,,,,,,,,,,,,,,,,,,,,,,,,,,,,,,,,,,,,,,,,,,,,,,,,,,,,,,,,,,,,,,,,,,,,,,,,,,,,,,,,,,,,,,,,,,,,,,,,,,,,,,,,,,,,,,,,,,,,,,,,,,,,,,,,,,,,,,,,,,,,,,,,,,,,,,,,,,,,,,,,,,,,,,,,,,,,,,,,,,,,,,,,,,,,,,,,,,,,,,,,,,,,,,,,,,,50,43,65,1,0,34,33,0,0,65,78,0,0,0,0,0,49,0,70,100,0,100,0,86,0,0,0,0,0,0,59,91,0,37,53,,,,,,,,,,,,,,,0,0,70,50,0,0,0,0,0,0,0,0,0,0,,,,,,,,0,0,64,0,0,0,0,,,,,,,,,,,,,,,,,,,,,,,,,,,,,,,,,,,,,,,,,,,,,,,,,,,,,,,,,,,,,,,,,,,,,,,,,,,,,,,,,,,,,,,,,,,,,,,,,,,,,,,,,,,,,,,,,,,,,,,,,,,,,,,,,,,,,,,,,,,,,,,,,,,,,,,,,,,,,,,,,,,,,,,,,,,,,,,,,,,,,,,,,,,,,,,,,,,,,,,
,,,,,,,,,,,,,,,,,,,,,,,,,,,,,,,,,,,,,,,,,,,,,,,,,,,,,,,,,,,,,,,,,,,,,,,,,,,,,,,,,,,,,,,,,,,,,,,,,,,,,,,,,,,,,,,,,,,,,,,,,,,,,,,,,,,,,,,,,,,,,,,,,,,,,,,,,,,,,,,,,,,,,,,,,,,,,,,,,,,,,,,,,,,,,,,,,,,,,,,,,,,,,,,,,,,,,,,,31,42,48,40,28,34,22,,,,,,,,,,,,,,,,,,,,,,,,,,,,,65,48,50,54,73,79,67,,,,,,,,,,,,,,,,,,,,,,70,49,48,76,65,67,58,,,,,,,,,,,,,,,,,,,,,,52,37,58,48,60,56,58,46,29,64,27,31,45,48,60,45,58,27,56,65,76,59,82,28,72,92,23,84,,,,,,,,,,,,,,,,,,,,,,,,,,,,,,,,,,,,,,,,,,,,,,,,,,,,,,,,,,,,,,,,,,,,,,,,,,,,,,,,,,,,,,,,,,,,,,,,,,,,,,,,,,,,,,,,,,,,,,,,,,,,,,,,,,,,,,,,,,,,,,,,,,,,,,,,,,,,,,,,,,,,,,,,,,,,,,,,,,,,,,,,,,,,,,,,
,,,,,,,,,,,,,,,,,,,,,,,,,,,,,,,,,,,,,,,,,,,,,,,,,,,,,,,,,,,,,,,,,,,,,,,,,,,,,,,,,,,,,,,,,,,,,,,,,,,,,,,,,,,,,,,,,,,,,,,,,,,,,,,,,,,,,,,,,,,,,,,,,,,,,,,,,,,,,,,,,,,,,,,,,,,,,,,,,,,,,,,,,,,,,,,,,,,,,,,,,,,,,,,,,,,,,,,,0,31,0,96,0,0,67,,,,,,,,,,,,,,,,,,,,,,,,,,,,,50,0,100,0,0,27,46,,,,,,,,,,,,,,,55,69,14,0,54,0,63,,,,,,,,,,,,,,,,,,,,,,0,0,0,0,0,0,0,0,0,0,0,0,0,0,0,0,43,0,0,25,0,,,,,,,,0,0,56,0,51,27,0,,,,,,,,,,,,,,,,,,,,,,,,,,,,,,,,,,,,,,,,,,,,,,,,,,,,,,,,,,,,,,,,,,,,,,,,,,,,,,,,,,,,,,,,,,,,,,,,,,,,,,,,,,,,,,,,,,,,,,,,,,,,,,,,,,,,,,,,,,,,,,,,,,,,,,,,,,,,,,,,,,,,,,,,,,,,,,,,,,,,,,,,,,,,,,,,
,,,,,,,,,,,,,,,,,,,,,,,,,,,,,,,,,,,,,,,,,,,,,,,,,,,,,,,,,,,,,,,,,,,,,,,,,,,,,,,,,,,,,,,,,,,,,,,,,,,,,,,,,,,,,,,,,,,,,,,,,,,,,,,,,,,,,,,,,,,,,,,,,,,,,,,,,,,,,,,,,,,,,,,,,,,,,,,,,,,,,,,,,,,,,,,,,,,,,,,,,,,,,,,,,,,,,,,,,,,,,,,,,,,,,,,,,,,,,,,,,,,,,,,,,,,,,,,,,,,,,,,,,32,50,70,41,49,74,20,,,,,,,,74,31,60,79,81,65,63,,,,,,,,,,,,,,,38,65,20,48,65,33,35,,,,,,,,14,24,75,19,16,49,19,47,19,84,11,14,80,18,34,69,18,53,61,18,48,,,,,,,,,,,,,,,,,,,,,,,,,,,,,,,,,,,,,,,,,,,,,,,,,,,,,,,,,,,,,,,,,,,,,,,,,,,,,,,,,,,,,,,,,,,,,,,,,,,,,,,,,,,,,,,,,,,,,,,,,,,,,,,,,,,,,,,,,,,,,,,,,,,,,,,,,,,,,,,,,,,,,,,,,,,,,,,,,,,,,,,,,,,,,,,,
,,,,,,,,,,,,,,,,,,,,,,,,,,,,,,,,,,,,,,,,,,,,,,,,,,,,,,,,,,,,,,,,,,,,,,,,,,,,,,,,,,,,,,,,,,,,,,,,,,,,,,,,,,,,,,,,,,,,,,,,,,,,,,,,,,,,,,,,,,,,,,,,,,,,,,,,,,,,,,,,,,,,,,,,,,,,,,,,,,,,,,,,,,,,,,,,,,,,,,,,,,,,,,,,,,,,,,,,66,64,50,26,60,11,86,,,,,,,,,,,,,,,,,,,,,,,,,,,,,,,,,,,,65,79,50,90,61,35,75,,,,,,,,,,,,,,,50,9,100,72,6,20,12,50,1,100,100,50,100,14,,,,,,,,50,7,66,66,21,85,21,30,22,18,20,17,29,28,,,,,,,,75,73,34,1,71,74,64,,,,,,,,,,,,,,,,,,,,,,,,,,,,,,,,,,,,,,,,,,,,,,,,,,,,,,,,,,,,,,,,,,,,,,,,,,,,,,,,,,,,,,,,,,,,,,,,,,,,,,,,,,,,,,,,,,,,,,,,,,,,,,,,,,,,,,,,,,,,,,,,,,,,,,,,,,,,,,,,,,,,,,,,,,,,,,,,,,,,,,,,,,,,,,,,,,,,,,,
,,,,,,,,,,,,,,,,,,,,,,,,,,,,,,,,,,,,,,,,,,,,,,,,,,,,,,,,,,,,,,,,,,,,,,,,,,,,,,,,,,,,,,,,,,,,,,,,,,,,,,,,,,,,,,,,,,,,,,,,,,,,,,,,,,,,,,,,,,,,,,,,,,,,,,,,,,,,,,,,,,,,,,,,,,,,,,,,,,,,,,,,,,,,,,,,,,,,,,,,,,,,,,,,,,,,,,,,,,,,,,,,,,,,,,,,,,,,,,,,,,,,,,,,,,,,,,,,,,41,30,33,47,32,31,28,53,46,50,46,48,36,40,,,,,,,,49,46,54,58,50,47,30,,,,,,,,,,,,,,,47,44,76,49,35,20,17,,,,,,,,12,12,77,9,11,13,8,51,48,45,55,42,46,34,,,,,,,,,,,,,,,,,,,,,,,,,,,,,,,,,,,,,,,,,,,,,,,,,,,,,,,,,,,,,,,,,,,,,,,,,,,,,,,,,,,,,,,,,,,,,,,,,,,,,,,,,,,,,,,,,,,,,,,,,,,,,,,,,,,,,,,,,,,,,,,,,,,,,,,,,,,,,,,,,,,,,,,,,,,,,,,,,,,,,,,,,,,,,,,,,,,,,,,
,,,,,,,,,,,,,,,,,,,,,,,,,,,,,,,,,,,,,,,,,,,,,,,,,,,,,,,,,,,,,,,,,,,,,,,,,,,,,,,,,,,,,,,,,,,,,,,,,,,,,,,,,,,,,,,,,,,,,,,,,,,,,,,,,,,,,,,,,,,,,,,,,,,,,,,,,,,,,,,,,,,,,,,,,,,,,,,,,,,,,,,,,,,,,,,,,,,,,,,,,,,,,,,,,,,,,,,,,,,,,,,,,,,,,,,,,,,,,,,,,,,,,,,,,,,45,6,87,6,8,23,69,,,,,,,,68,69,11,84,46,90,81,82,14,82,8,23,31,94,100,100,50,98,100,70,75,,,,,,,,,,,,,,,59,19,29,57,81,78,51,,,,,,,,2,7,28,3,4,12,4,,,,,,,,31,28,8,0,60,1,50,,,,,,,,,,,,,,,,,,,,,,,,,,,,,,,,,,,,,,,,,,,,,,,,,,,,,,,,,,,,,,,,,,,,,,,,,,,,,,,,,,,,,,,,,,,,,,,,,,,,,,,,,,,,,,,,,,,,,,,,,,,,,,,,,,,,,,,,,,,,,,,,,,,,,,,,,,,,,,,,,,,,,,,,,,,,,,,,,,,,,,,,,,,,,,,,
,,,,,,,,,,,,,,,,,,,,,,,,,,,,,,,,,,,,,,,,,,,,,,,,,,,,,,,,,,,,,,,,,,,,,,,,,,,,,,,,,,,,,,,,,,,,,,,,,,,,,,,,,,,,,,,,,,,,,,,,,,,,,,,,,,,,,,,,,,,,,,,,,,,,,,,,,,,,,,,,,,,,,,,,,,,,,,,,,,,,,,,,,,,,,,,,,,,,,,,,,,,,,,,,,,,,,,,,,,,,,,,,,,,,,,,,,,,,,,,,,,,,,,,,,,,95,93,6,5,95,92,96,,,,,,,,89,90,15,49,91,6,88,9,10,93,9,11,8,9,,,,,,,,,,,,,,,,,,,,,,92,94,10,93,92,95,91,8,8,7,6,7,8,5,9,8,90,10,6,8,10,4,8,5,5,7,6,8,,,,,,,,,,,,,,,,,,,,,,,,,,,,,,,,,,,,,,,,,,,,,,,,,,,,,,,,,,,,,,,,,,,,,,,,,,,,,,,,,,,,,,,,,,,,,,,,,,,,,,,,,,,,,,,,,,,,,,,,,,,,,,,,,,,,,,,,,,,,,,,,,,,,,,,,,,,,,,,,,,,,,,,,,,,,,,,,,,,,,,,,,,,,,,,,,,,,,,,
,,,,,,,,,,,,,,,,,,,,,,,,,,,,,,,,,,,,,,,,,,,,,,,,,,,,,,,,,,,,,,,,,,,,,,,,,,,,,,,,,,,,,,,,,,,,,,,,,,,,,,,,,,,,,,,,,,,,,,,,,,,,,,,,,,,,,,,,,,,,,,,,,,,,,,,,,,,,,,,,,,,,,,,,,,,,,,,,,,,,,,,,,,,,,,,,,,,,,,,,,,,,,,,,,,,,,,,,3,29,80,75,36,82,41,,,,,,,,,,,,,,,,,,,,,,,,,,,,,31,77,23,69,73,75,75,,,,,,,,,,,,,,,,,,,,,,50,60,91,90,62,47,10,0,3,50,0,0,10,0,,,,,,,,68,56,52,51,50,59,49,,,,,,,,61,29,83,26,20,75,80,55,50,71,65,79,43,0,91,89,3,73,78,22,79,,,,,,,,,,,,,,,,,,,,,,,,,,,,,,,,,,,,,,,,,,,,,,,,,,,,,,,,,,,,,,,,,,,,,,,,,,,,,,,,,,,,,,,,,,,,,,,,,,,,,,,,,,,,,,,,,,,,,,,,,,,,,,,,,,,,,,,,,,,,,,,,,,,,,,,,,,,,,,,,,,,,,,,,,,,,,,,,,,,,,,,,,,,,,,,,
,,,,,,,,,,,,,,,,,,,,,,,,,,,,,,,,,,,,,,,,,,,,,,,,,,,,,,,,,,,,,,,,,,,,,,,,,,,,,,,,,,,,,,,,,,,,,,,,,,,,,,,,,,,,,,,,,,,,,,,,,,,,,,,,,,,,,,,,,,,,,,,,,,,,,,,,,,,,,,,,,,,,,,,,,,,,,,,,,,,,,,,,,,,,,,,,,,,,,,,,,,,,,,,,,,,,,,,,66,49,78,76,76,78,90,,,,,,,,,,,,,,,,,,,,,,,,,,,,,45,40,74,44,33,78,33,45,33,47,81,52,41,29,65,62,57,38,69,71,72,49,50,82,24,43,39,48,,,,,,,,,,,,,,,,,,,,,,42,42,39,70,50,34,27,,,,,,,,,,,,,,,41,41,56,48,41,49,37,,,,,,,,,,,,,,,,,,,,,,,,,,,,,,,,,,,,,,,,,,,,,,,,,,,,,,,,,,,,,,,,,,,,,,,,,,,,,,,,,,,,,,,,,,,,,,,,,,,,,,,,,,,,,,,,,,,,,,,,,,,,,,,,,,,,,,,,,,,,,,,,,,,,,,,,,,,,,,,,,,,,,,,,,,,,,,,,,,,,,,,,,,,,,,,,,,,,,,,
